<?xml version="1.0" encoding="UTF-8"?>

<!--
Licensed to the Apache Software Foundation (ASF) under one
or more contributor license agreements.  See the NOTICE file
distributed with this work for additional information
regarding copyright ownership.  The ASF licenses this file
to you under the Apache License, Version 2.0 (the
"License"); you may not use this file except in compliance
with the License.  You may obtain a copy of the License at

  http://www.apache.org/licenses/LICENSE-2.0

Unless required by applicable law or agreed to in writing,
software distributed under the License is distributed on an
"AS IS" BASIS, WITHOUT WARRANTIES OR CONDITIONS OF ANY
KIND, either express or implied.  See the License for the
specific language governing permissions and limitations
under the License.
-->

<project xmlns="http://maven.apache.org/POM/4.0.0" xmlns:xsi="http://www.w3.org/2001/XMLSchema-instance" xsi:schemaLocation="http://maven.apache.org/POM/4.0.0 http://maven.apache.org/xsd/maven-4.0.0.xsd">
  <modelVersion>4.0.0</modelVersion>

  <parent>
    <groupId>org.apache.maven.plugins</groupId>
    <artifactId>maven-plugins</artifactId>
    <version>23-SNAPSHOT</version>
    <relativePath>./pom.xml</relativePath>
  </parent>

  <artifactId>maven-plugins.</artifactId>
  <packaging>pom</packaging>

  <name>Apache Maven Plugins Parent POM</name>
  <description>This project consists of a POM that contains settings that are likely to be useful to any Maven plugin that is building and releasing code with Maven 2/3.</description>
  <url>http://maven.apache.org/pom/maven-plugins/</url>

  <scm>
    <connection>scm:svn:http://svn.apache.org/repos/asf/maven/plugins/trunk/maven-plugins/</connection>
    <developerConnection>scm:svn:https://svn.apache.org/repos/asf/maven/plugins/trunk/maven-plugins/</developerConnection>
    <url>http://svn.apache.org/viewvc/maven/plugins/trunk/maven-plugins/</url>
  </scm>
  <issueManagement>
    <system>jira</system>
    <url>http://issues.apache.org/jira/browse/MPOM/component/12314501</url>
  </issueManagement>
  <ciManagement>
    <system>Jenkins</system>
    <url>https://builds.apache.org//view/M-R/view/Maven/job/maven-plugins/</url>
  </ciManagement>
  <distributionManagement>
    <site>
      <id>apache.website</id>
      <url>scp://people.apache.org/www/maven.apache.org/pom/maven-plugins/</url>
    </site>
  </distributionManagement>

  <build>
    <plugins>
      <plugin>
        <artifactId>maven-site-plugin</artifactId>
        <configuration>
          <siteDirectory>${basedir}/src/site-docs</siteDirectory>
          <stagingSiteURL>scp://people.apache.org/www/maven.apache.org/pom/maven-plugins-${project.version}/</stagingSiteURL>
        </configuration>
      </plugin>
    </plugins>
  </build>
</project>